Name,Contact,Players,Console,Date,Time Slot
meiyammai shanmugam,9884338998,4,PS5-1,2026-01-29,4 - 5 PM
Ahmed Khan,9123456789,3,PS5,2026-01-15,2 PM
vnvkvrv,1212121212,5,PS4,2026-01-29,1 - 2 PM
Ahmed Khan,9123456789,3,PS5,2026-01-15,2 PM
meiyammai shanmugam,6374285255,4,PS4,2026-01-22,3 - 4 PM
rohaan,3444444444,4,PS2,2026-01-20,5 - 6 PM
rohaan,4422443432,5,PS2,2026-01-20,5 - 6 PM
wfervfervfef,121244344,5,PS2,2026-01-20,11 - 12 PM
tata salt,23456768,4,PS2,2026-01-01,4 - 5 PM
chickenrice,23456768,4,PS2,2026-01-01,5 - 6 PM
hehehehe,3456788765,4,PS5-1,2026-01-20,8 - 9 PM
rohaan,21e1131141,4,PS5-1,2026-01-20,5 - 6 PM
rohaan,21e1131141,4,PS5-1,2026-01-20,4 - 5 PM
rohaan,21e1131141,4,PS5-1,2026-01-20,3 - 4 PM
efweg4w,efgwgtw4gw,4,PS4,2026-01-09,10 - 11 AM
efweg4w,efgwgtw4gw,4,PS4,2026-01-09,10 - 11 AM
fjvbdfuv,2345676543,4,PS5-1,2026-01-18,11 - 12 PM
tata salt,848474745,4,PS2,2026-01-20,2 - 3 PM
nghn,3456,4,PS5-1,2026-01-12,11 - 12 PM
hfjs,fsd,4,PS5-1,2026-01-18,1 - 2 PM
vjbef,3456764454,4,PS5-1,2026-01-28,2 - 3 PM
vjbef,3464576456,5,PS5-1,2026-01-27,1 - 2 PM
bharath,234567890,4,PS5-2,2026-02-14,9 - 10 PM
anto,9444249995,4,PS4,2026-02-18,4 - 5 PM
suii,9444249995,4,PS4,2026-02-18,7 - 8 PM
suii,9444249995,4,PS4,2026-02-18,5 - 6 PM
suii,9444249995,4,PS4,2026-02-18,2 - 3 PM
tata salt,9444249995,4,PS4,2026-02-18,11 - 12 PM
tata salt,9444249995,4,PS4,2026-02-18,3 - 4 PM
john@example.com,9444249995,4,PS5-1,2026-02-19,7 - 8 PM
john@example.com,9444249995,4,PS5-1,2026-02-19,5 - 6 PM
ih,9444249995,4,PS5-1,2026-02-19,1 - 2 PM
saai,9444249995,4,PS4,2026-02-25,10 - 11 AM
Rohaan B,9444249995,4,PS5-1,2026-03-11,5 - 6 PM
ih,9444249995,4,PS5-1,2026-02-26,7 - 8 PM
rohaan,9444249995,4,PS5-1,2026-03-04,1 - 2 PM
ddddd,9444249995,4,PS5-2,2026-02-25,10 - 11 AM
john@example.com,9444249995,4,PS4,2026-02-24,4 - 5 PM
Rohaan B,9444249995,4,PS5-1,2026-02-05,2 - 3 PM
rohaan,9444249995,4,PS5-1,2026-02-05,7 - 8 PM
rohaan,9444249995,4,PS5-1,2026-02-26,4 - 5 PM
rio,9444249995,4,PS5-1,2026-02-13,10 - 11 AM
akash vichz,9444249995,4,PS4,2026-02-19,1 - 2 PM
Rohaan B,9444249995,4,PS5-1,2026-02-26,10 - 11 AM
ih,9444249995,4,PS5-1,2026-02-19,2 - 3 PM
manoj,9444249995,4,PS5-1,2026-03-06,1 - 2 PM
john@example.com,9444249995,4,PS4,2026-03-12,1 - 2 PM
john@example.com,9444249995,4,PS4,2026-03-12,2 - 3 PM
john@example.com,9444249995,4,PS4,2026-03-12,9 - 10 PM
john@example.com,9444249995,4,PS4,2026-03-12,12 - 1 PM
saiii,8582541585,4,PS4,2026-02-13,11 - 12 PM
akash nigger,9444249995,4,PS5-1,2026-03-06,4 - 5 PM